{"sparams":{"1.55":{"o1@0,o1@0":{"re":0.0882871,"im":-0.07776919},"o2@0,o1@0":{"re":-0.70386297,"im":0.5141549}}},"tparams":{"1.55":{"o1@0,o1@0":0.013842659,"o2@0,o1@0":0.7597784}},"sparam_phasors":{"1.55":{"o1@0,o1@0":{"mag":0.11765483,"phase":-0.72214323},"o2@0,o1@0":{"mag":0.87165266,"phase":2.5107045}}}}