{"sparams":{"1.55":{"o1@0,o1@0":{"re":0.105439536,"im":-0.20609547},"o2@0,o1@0":{"re":-0.82841253,"im":0.6361221}}},"tparams":{"1.55":{"o1@0,o1@0":0.05359284,"o2@0,o1@0":1.0909187}},"path":"build/precompile_execution\\2024-09-14T12-18-32#sparams","dx":0.1,"study":"sparams"}