{"sparams":{"1.55":{"o1@0,o1@0":{"re":0.046465375,"im":0.07451642},"o2@0,o1@0":{"re":0.15362926,"im":1.0944926},"o1@0,o2@0":{"re":0.18161894,"im":1.0430924},"o2@0,o2@0":{"re":0.12560365,"im":0.23535469}}},"tparams":{"1.55":{"o1@0,o1@0":0.0077117286,"o2@0,o1@0":1.2215159,"o1@0,o2@0":1.1210271,"o2@0,o2@0":0.07116811}},"sparam_phasors":{"1.55":{"o1@0,o1@0":[0.08781645,1.013234],"o2@0,o1@0":[1.1052221,1.4313416],"o1@0,o2@0":[1.0587857,1.3984087],"o2@0,o2@0":[0.26677352,1.0805706]}}}