{"sparams":{"1.3":{"o1@0,o2@0":{"re":-0.23100431,"im":-0.9209778},"o2@0,o2@0":{"re":-0.051954743,"im":0.21691936}},"1.55":{"o1@0,o2@0":{"re":0.98729557,"im":-0.1633418},"o2@0,o2@0":{"re":0.15974253,"im":0.07944624}}},"tparams":{"1.3":{"o1@0,o2@0":0.90156305,"o2@0,o2@0":0.04975331},"1.55":{"o1@0,o2@0":1.0014331,"o2@0,o2@0":0.031829383}},"sparam_phasors":{"1.3":{"o1@0,o2@0":[0.94950676,-1.8165513],"o2@0,o2@0":[0.22305448,1.8058796]},"1.55":{"o1@0,o2@0":[1.0007163,-0.1639585],"o2@0,o2@0":[0.17840791,0.4615168]}}}