{"S":{"1.5":{"o1@0,o1@0":{"re":0.019908726,"im":-0.023261579},"o2@0,o1@0":{"re":0.4942086,"im":-0.8638728}}},"T":{"1.5":{"o1@0,o1@0":0.0009374584,"o2@0,o1@0":0.9905184}},"phasors":{"1.5":{"o1@0,o1@0":{"mag":0.030617943,"phase":-49.441},"o2@0,o1@0":{"mag":0.9952479,"phase":-60.226776}}},"dB":{"1.5":{"o1@0,o1@0":-30.28048,"o2@0,o1@0":-0.041374564}},"path":"build\\precompile_execution\\tiny_3_float32_CUDA","study":"sparams"}