{"S":{"1.5":{"o1@0,o1@0":{"re":0.0015813501,"im":-0.01501298},"o2@0,o1@0":{"re":0.53822386,"im":-0.8888375}}},"T":{"1.5":{"o1@0,o1@0":0.00022789025,"o2@0,o1@0":1.079717}},"phasors":{"1.5":{"o1@0,o1@0":{"mag":0.015096034,"phase":-83.987076},"o2@0,o1@0":{"mag":1.0390943,"phase":-58.803547}}},"dB":{"1.5":{"o1@0,o1@0":-36.42274,"o2@0,o1@0":0.33309954}},"path":"build/precompile_execution\\tiny_3_float32_CUDA","study":"sparams"}