{"S":{"1.5":{"o1@0,o1@0":{"re":0.05821371,"im":-0.02206953},"o2@0,o1@0":{"re":-0.7328381,"im":0.7104398}}},"T":{"1.5":{"o1@0,o1@0":0.0038759003,"o2@0,o1@0":1.0417764}},"phasors":{"1.5":{"o1@0,o1@0":{"mag":0.062256727,"phase":-20.76233},"o2@0,o1@0":{"mag":1.0206745,"phase":135.8891}}},"dB":{"1.5":{"o1@0,o1@0":-24.116272,"o2@0,o1@0":0.17774522}},"path":"build\\precompile_execution\\tiny_3_float32_CUDA","study":"sparams"}