{"S":{"1.5":{"o1@0,o1@0":{"re":0.07321298,"im":-0.047895405},"o2@0,o1@0":{"re":0.42716247,"im":-0.8985699}}},"T":{"1.5":{"o1@0,o1@0":0.0076541104,"o2@0,o1@0":0.9898956}},"phasors":{"1.5":{"o1@0,o1@0":{"mag":0.08748777,"phase":-33.19242},"o2@0,o1@0":{"mag":0.994935,"phase":-64.5745}}},"dB":{"1.5":{"o1@0,o1@0":-21.161053,"o2@0,o1@0":-0.044106137}},"path":"build/precompile_execution\\tiny_3_float32_CUDA","study":"sparams"}