{"S":{"1.5":{"o1@0,o1@0":{"re":0.040198486,"im":-0.067489825},"o2@0,o1@0":{"re":0.49679282,"im":-0.87192655}}},"T":{"1.5":{"o1@0,o1@0":0.006170795,"o2@0,o1@0":1.007059}},"phasors":{"1.5":{"o1@0,o1@0":{"mag":0.07855441,"phase":-59.221},"o2@0,o1@0":{"mag":1.0035233,"phase":-60.32704}}},"dB":{"1.5":{"o1@0,o1@0":-22.096588,"o2@0,o1@0":0.030549057}},"path":"build\\precompile_execution\\tiny_3_float32_CUDA","study":"sparams"}