{"class": "gen", "sources": [{"mode": {"Jy": 1}, "frame": [[-1, 0, 0], [0, 1, 0], [0, 0, -1]]}], "monitors": [{"mode": {"Ey": 1, "Hx": -0.027105817604094765}, "frame": [[-1, 0, 0], [0, 1, 0], [0, 0, -1]]}, {"mode": {"Ey": 1, "Hx": -0.027105817604094765}, "frame": [[1, 0, 0], [0, 1, 0], [0, 0, 1]]}], "nres": null, "study": "simulation", "dtype": "float32", "center_wavelength": 60, "dl": 0.4, "dx": 0.8, "xs": [-17.0, -16.2, -15.4, -14.6, -13.8, -13.0, -12.2, -11.399999999999999, -10.6, -9.8, -9.0, -8.2, -7.399999999999999, -6.6, -5.799999999999999, -5.0, -4.199999999999999, -3.3999999999999986, -2.5999999999999996, -1.799999999999999, -1.0, -0.1999999999999993, 0.6000000000000014, 1.4000000000000021, 2.200000000000003, 3.0, 3.8000000000000007, 4.600000000000001, 5.400000000000002, 6.200000000000003, 7.0, 7.800000000000001, 8.600000000000001, 9.400000000000002, 10.200000000000003, 11.0, 11.8, 12.600000000000001, 13.400000000000002, 14.200000000000003, 15.0, 15.800000000000004, 16.6], "ys": [-12.5, -11.7, -10.9, -10.1, -9.3, -8.5, -7.699999999999999, -6.8999999999999995, -6.1, -5.3, -4.5, -3.6999999999999993, -2.8999999999999986, -2.0999999999999996, -1.299999999999999, -0.5, 0.3000000000000007, 1.1000000000000014, 1.9000000000000004, 2.700000000000001, 3.5, 4.300000000000001, 5.100000000000001, 5.900000000000002, 6.700000000000003, 7.5, 8.3, 9.100000000000001, 9.900000000000002, 10.700000000000003, 11.5, 12.3], "zs": [0.0, 0.8, 1.6, 2.4000000000000004, 3.2, 4.0, 4.800000000000001, 5.6000000000000005, 6.4, 7.2, 8.0, 8.8, 9.600000000000001, 10.4, 11.200000000000001, 12.0, 12.8, 13.600000000000001, 14.4, 15.200000000000001, 16.0, 16.8, 17.6, 18.400000000000002, 19.200000000000003, 20.0, 20.8, 21.6, 22.400000000000002, 23.200000000000003, 24.0, 24.8, 25.6, 26.400000000000002, 27.200000000000003, 28.0, 28.8, 29.6, 30.400000000000002, 31.200000000000003, 32.0, 32.800000000000004, 33.6, 34.4, 35.2, 36.0, 36.800000000000004, 37.6, 38.400000000000006, 39.2, 40.0], "layer_stack": {}, "materials": {"cSi": {"epsilon": 12.1104}, "SiO2": {"epsilon": 2.0736}, "SiN": {"epsilon": 4.0}, "Ge": {"epsilon": 16.0}, "Si": {"epsilon": 12.1104}, "PEC": {"epsilon": 1000}, "gel": {"epsilon": 50, "sigma": 22.588181336745638}, "fr4": {"epsilon": 4.3}}, "L": [33.6, 24.8, 40.0], "gpu_backend": null, "Ttrans": 3, "Tss": 5, "wavelengths": [37.5, 42.85714285714286, 50.0, 60.0, 75.0, 100.0, 150.0]}