{"sparams":{"1.55":{"o1@0,o1@0":{"re":0.09709014,"im":0.050528992},"o2@0,o1@0":{"re":-0.4489279,"im":0.8088527}}},"tparams":{"1.55":{"o1@0,o1@0":0.011979674,"o2@0,o1@0":0.85577893}}}