{"S":{"1.55":{"o1@0,o1@0":{"re":-0.009022986,"im":-0.10241694},"o2@0,o1@0":{"re":-0.18102832,"im":0.9803213}}},"T":{"1.55":{"o1@0,o1@0":0.010570644,"o2@0,o1@0":0.99380106}},"phasors":{"1.55":{"o1@0,o1@0":{"mag":0.10281364,"phase":-95.03478},"o2@0,o1@0":{"mag":0.99689573,"phase":100.462494}}},"dB":{"1.55":{"o1@0,o1@0":-19.758986,"o2@0,o1@0":-0.027005456}},"path":"build\\precompile_execution\\tinycu","study":"sparams"}