{"approx_2D_mode": null, "Ttrans": null, "path": "build\\precompile_execution\\tiny_3_float16_None", "name": null, "wl": 1.55, "dx": 0.10333333333333333, "dy": 0.10333333333333333, "dz": 0.10333333333333333, "dl": 0.025833333333333333, "dtype": "float16", "timestamp": "2025-01-15T17-52-17", "magic": "", "framerate": 0, "gpu_backend": null, "ports": {"o1": {"center": [0, 0], "normal": [-1.0, 1.2246467991473532e-16]}, "o2": {"center": [100, 0], "normal": [1.0, 0.0]}}, "hcore": 0.22, "zcenter": 0.11, "zmin": -1.0266666666666668, "zcore": 0.0, "xmargin": 1.0, "ymargin": 1.0, "zmargin2": 0.41333333333333333, "L": [3.513333333333333, 2.48, 2.273333333333334], "xs": [-3.207, -3.1036666666666664, -3.0003333333333333, -2.897, -2.7936666666666667, -2.6903333333333332, -2.5869999999999997, -2.4836666666666662, -2.380333333333333, -2.277, -2.1736666666666666, -2.070333333333333, -1.9669999999999999, -1.8636666666666666, -1.760333333333333, -1.6569999999999998, -1.5536666666666665, -1.4503333333333333, -1.347, -1.2436666666666665, -1.1403333333333334, -1.037, -0.9336666666666664, -0.8303333333333334, -0.7269999999999999, -0.6236666666666664, -0.5203333333333333, -0.4169999999999998, -0.3136666666666663, -0.21033333333333326, -0.10699999999999976, -0.003666666666666707, 0.09966666666666679, 0.2030000000000003, 0.30633333333333335], "ys": [-1.25, -1.1466666666666667, -1.0433333333333334, -0.94, -0.8366666666666667, -0.7333333333333334, -0.63, -0.5266666666666666, -0.42333333333333334, -0.32000000000000006, -0.21666666666666679, -0.11333333333333329, -0.010000000000000009, 0.09333333333333327, 0.19666666666666677, 0.30000000000000004, 0.4033333333333333, 0.5066666666666666, 0.6099999999999999, 0.7133333333333334, 0.8166666666666664, 0.9199999999999999, 1.0233333333333334, 1.1266666666666665, 1.23], "zs": [-1.0266666666666668, -0.8200000000000001, -0.6133333333333334, -0.51, -0.40666666666666673, -0.30333333333333334, -0.2, -0.09666666666666668, 0.00666666666666671, 0.10999999999999999, 0.21333333333333337, 0.31666666666666676, 0.42000000000000004, 0.5233333333333333, 0.6266666666666668, 0.7300000000000001, 0.8333333333333334, 1.0400000000000003, 1.246666666666667], "layer_stack": {"clad": {"layer": [999, 0], "zmin": 0.0, "thickness": 1.246666666666667, "material": "SiO2", "mesh_order": 10, "origin": [0.0, 0.0]}, "box": {"layer": [999, 0], "zmin": -1.0266666666666668, "thickness": 2.273333333333334, "material": "SiO2", "mesh_order": 9, "origin": [0.0, 0.0]}, "core": {"layer": [1, 0], "zmin": 0.0, "thickness": 0.22, "material": "cSi", "mesh_order": 2, "origin": [0.0, 1.0]}}, "study": "sparams", "matprops": {"cSi": {"\u03f5": 12.1104}, "SiO2": {"\u03f5": 2.0736}}, "N": 3, "hmode": 1.4466666666666668, "wmode": 1.4466666666666668, "zmode": -0.6133333333333334, "mode_solutions": [], "runs": [{"sources": {"o1": {"center": [-3.0003333333333333, -2.5309367182378633e-17], "width": 0.5, "normal": [-1.0, 1.2246467991473532e-16], "wavelength_mode_numbers": {"1.55": [0]}, "port": "o1", "mode_width": 1.4466666666666668}}, "monitors": {"o1": {"port": "o1", "normal": [-1.0, 1.2246467991473532e-16], "center": [0.0, 0.0], "width": 0.5, "wavelength_mode_numbers": {"1.55": [0]}, "mode_width": 1.4466666666666668}, "o2": {"port": "o2", "normal": [1.0, 0.0], "center": [0.1, 0.0], "width": 0.5, "wavelength_mode_numbers": {"1.55": [0]}, "mode_width": 1.4466666666666668}}}], "components": {"device": {"bbox": [[-3.207, -1.25], [0.307, 1.23]]}}, "Courant": null, "wavelengths": [1.55], "Tss": null}