{"sparams":{"1.55":{"o1@0,o1@0":{"re":0.11776448,"im":-0.04094091},"o2@0,o1@0":{"re":0.76620877,"im":-0.0066863224}}},"tparams":{"1.55":{"o1@0,o1@0":0.015544631,"o2@0,o1@0":0.5871206}}}