{"sparams":{"1.55":{"o1@0,o1@0":{"re":0.16672096,"im":-0.24784468},"o2@0,o1@0":{"re":-0.29261485,"im":-0.9037148}}},"tparams":{"1.55":{"o1@0,o1@0":0.08922286,"o2@0,o1@0":0.90232384}},"path":"build/precompile_execution\\2024-08-31T22-17-44#sparams","dx":0.1,"study":"sparams"}