{"sparams":{"1.55":{"o1@0,o1@0":{"re":-0.10814467,"im":0.415865},"o2@0,o1@0":{"re":-0.8941441,"im":0.575422}}},"tparams":{"1.55":{"o1@0,o1@0":0.18463896,"o2@0,o1@0":1.1306043}}}