{"approx_2D_mode": "TE", "Ttrans": null, "path": "build\\precompile_execution\\back", "name": null, "wl": 1.55, "dx": 0.10333333333333333, "dy": 0.10333333333333333, "dz": 0.10333333333333333, "dl": 0.025833333333333333, "dtype": "<class 'numpy.float32'>", "timestamp": "2025-01-14T13-34-32", "magic": "", "framerate": 0, "gpu_backend": null, "ports": {"o1": {"center": [-2000, 250], "normal": [-1.0, 1.2246467991473532e-16]}, "o2": {"center": [2500, 250], "normal": [1.0, 0.0]}}, "hcore": 0.22, "zcenter": 0.11, "zmin": -1.0266666666666668, "zcore": 0.0, "xmargin": 1.0, "ymargin": 1.0, "zmargin2": 0.41333333333333333, "L": [5.373333333333333, 2.48, 2.273333333333334], "xs": [-2.707, -2.6036666666666664, -2.5003333333333333, -2.397, -2.2936666666666667, -2.1903333333333332, -2.0869999999999997, -1.9836666666666665, -1.8803333333333332, -1.777, -1.6736666666666666, -1.5703333333333331, -1.4669999999999999, -1.3636666666666666, -1.260333333333333, -1.1569999999999998, -1.0536666666666665, -0.9503333333333333, -0.847, -0.7436666666666665, -0.6403333333333334, -0.5369999999999999, -0.4336666666666664, -0.33033333333333337, -0.22699999999999987, -0.12366666666666637, -0.020333333333333314, 0.08300000000000018, 0.18633333333333368, 0.28966666666666674, 0.39300000000000024, 0.4963333333333333, 0.5996666666666668, 0.7030000000000003, 0.8063333333333333, 0.9096666666666668, 1.013, 1.1163333333333334, 1.219666666666667, 1.3230000000000004, 1.426333333333333, 1.5296666666666665, 1.633, 1.7363333333333335, 1.839666666666667, 1.9430000000000005, 2.046333333333333, 2.1496666666666666, 2.253, 2.3563333333333336, 2.459666666666667, 2.5629999999999997, 2.666333333333333], "ys": [-1.0, -0.8966666666666667, -0.7933333333333333, -0.69, -0.5866666666666667, -0.4833333333333334, -0.38, -0.2766666666666666, -0.17333333333333334, -0.07000000000000006, 0.033333333333333215, 0.13666666666666671, 0.24, 0.34333333333333327, 0.44666666666666677, 0.55, 0.6533333333333333, 0.7566666666666666, 0.8599999999999999, 0.9633333333333334, 1.0666666666666664, 1.17, 1.2733333333333334, 1.3766666666666665, 1.48], "zs": [-1.0266666666666668, -0.8200000000000001, -0.6133333333333334, -0.51, -0.40666666666666673, -0.30333333333333334, -0.2, -0.09666666666666668, 0.00666666666666671, 0.10999999999999999, 0.21333333333333337, 0.31666666666666676, 0.42000000000000004, 0.5233333333333333, 0.6266666666666668, 0.7300000000000001, 0.8333333333333334, 1.0400000000000003, 1.246666666666667], "layer_stack": {"clad": {"layer": [999, 0], "zmin": 0.0, "thickness": 1.246666666666667, "material": "SiO2", "mesh_order": 10, "origin": [0.0, 0.0]}, "box": {"layer": [999, 0], "zmin": -1.0266666666666668, "thickness": 2.273333333333334, "material": "SiO2", "mesh_order": 9, "origin": [0.0, 0.0]}, "core": {"layer": [1, 0], "zmin": 0.0, "thickness": 0.22, "material": "cSi", "mesh_order": 2, "origin": [0.0, 1.0]}}, "study": "inverse_design", "matprops": {"SiO2": {"\u03f5": 2.0736}, "cSi": {"\u03f5": 12.1104}}, "N": 2, "hmode": 1.4466666666666668, "wmode": 1.4466666666666668, "zmode": -0.6133333333333334, "mode_solutions": [], "runs": [{"sources": {"o1": {"center": [-2.5003333333333333, 0.24999999999999997], "width": 0.5, "normal": [-1.0, 1.2246467991473532e-16], "wavelength_mode_numbers": {"1.55": [0]}, "port": "o1", "mode_width": 1.4466666666666668}}, "monitors": {"o1": {"port": "o1", "normal": [-1.0, 1.2246467991473532e-16], "center": [-2.0, 0.25], "width": 0.5, "wavelength_mode_numbers": {"1.55": [0]}, "mode_width": 1.4466666666666668}, "o2": {"port": "o2", "normal": [1.0, 0.0], "center": [2.5, 0.25], "width": 0.5, "wavelength_mode_numbers": {"1.55": [0]}, "mode_width": 1.4466666666666668}}}], "components": {"device": {"bbox": [[-2.707, -1.0], [2.6670000000000003, 1.48]]}}, "Courant": null, "wavelengths": [1.55], "Tss": null, "restart": true, "weights": {"tparams": 1, "sparams": 1, "phasediff": 1}, "save_memory": false, "targets": {"tparams": {"1.55": {"o2@0,o1@0": 1.0}}}, "eta": 0.4, "designs": [{"layer": [1000, 1], "bbox": [[0.0, 0.0], [0.5, 0.5]], "symmetries": [], "init": 1}], "lvoid": 0.2, "lsolid": 0, "stoploss": null, "design_config": {"fill": {"thickness": 0.22, "material": "cSi", "zmin": 0.0, "layer": 1}, "design_region_layer": [1000, 1]}, "iters": 2}