{"sparams":{"1.3":{"o1@0,o2@0":{"re":-0.029071575,"im":-0.044938758},"o2@0,o2@0":{"re":0.02789387,"im":-0.06085442}},"1.55":{"o1@0,o2@0":{"re":-0.015215641,"im":-0.014812219},"o2@0,o2@0":{"re":0.12024465,"im":0.025361337}}},"tparams":{"1.3":{"o1@0,o2@0":0.0028646486,"o2@0,o2@0":0.004481328},"1.55":{"o1@0,o2@0":0.00045091758,"o2@0,o2@0":0.015101974}},"sparam_phasors":{"1.3":{"o1@0,o2@0":[0.05352241,-2.145],"o2@0,o2@0":[0.06694272,-1.1410034]},"1.55":{"o1@0,o2@0":[0.02123482,-2.3696287],"o2@0,o2@0":[0.122890085,0.20786788]}}}