{"sparams":{"1.55":{"o1@0,o1@0":{"re":0.2305978,"im":-0.05674294},"o2@0,o1@0":{"re":0.417598,"im":0.9739057}}},"tparams":{"1.55":{"o1@0,o1@0":0.056395102,"o2@0,o1@0":1.1228803}},"path":"C:\\Users\\pxshe\\OneDrive\\Desktop\\Luminescent.jl\\lumi_runs\\2024-07-29T10-51-15","dx":0.1,"study":"sparams"}