{"sparams":{"1.55":{"o1@0,o1@0":{"re":0.21942735,"im":-0.06270804},"o2@0,o1@0":{"re":0.41002098,"im":0.9680354}}},"tparams":{"1.55":{"o1@0,o1@0":0.052080657,"o2@0,o1@0":1.1052097}},"path":"lumi_runs\\2024-07-29T10-51-15","dx":0.1,"study":"sparams"}