{"path": "build\\precompile_execution\\simtest2", "name": "simtest2", "dx": 0.1, "dy": 0.1, "dz": 0.1, "dl": 0.016666666666666666, "dx0": 0.1, "ratio": 6, "dtype": "f32", "timestamp": "2024-11-26T16-57-03", "magic": "", "framerate": 0, "gpu_backend": "", "ports": {"o1": {"center": [0, 0], "normal": [-1.0, 1.2246467991473532e-16]}, "o2": {"center": [500, 0], "normal": [1.0, 0.0]}}, "hcore": 0.22, "zcenter": 0.11, "zmin": -0.8900000000000001, "zcore": 0.0, "xmargin": 1.0, "ymargin": 1.0, "zmargin2": 0.6000000000000001, "L": [4.4, 2.4000000000000004, 2.0000000000000004], "xs": [-3.0, -2.9, -2.8, -2.7, -2.6, -2.5, -2.4, -2.3, -2.2, -2.1, -2.0, -1.9, -1.7999999999999998, -1.7, -1.5999999999999999, -1.5, -1.4, -1.2999999999999998, -1.2, -1.0999999999999999, -1.0, -0.8999999999999999, -0.7999999999999998, -0.6999999999999997, -0.5999999999999996, -0.5, -0.3999999999999999, -0.2999999999999998, -0.19999999999999973, -0.09999999999999964, 0.0, 0.10000000000000009, 0.20000000000000018, 0.30000000000000027, 0.40000000000000036, 0.5, 0.6000000000000001, 0.7000000000000002, 0.8000000000000003, 0.9000000000000004, 1.0, 1.1000000000000005, 1.2000000000000002, 1.2999999999999998, 1.4000000000000004], "ys": [-1.25, -1.15, -1.05, -0.95, -0.8499999999999999, -0.7499999999999999, -0.6499999999999999, -0.5499999999999998, -0.44999999999999984, -0.34999999999999987, -0.24999999999999978, -0.1499999999999997, -0.04999999999999982, 0.050000000000000266, 0.15000000000000036, 0.2500000000000002, 0.3500000000000003, 0.4500000000000004, 0.5500000000000003, 0.6500000000000004, 0.7500000000000004, 0.8500000000000005, 0.9500000000000006, 1.0500000000000003, 1.1500000000000004], "zs": [-0.8900000000000001, -0.6900000000000001, -0.49000000000000005, -0.29000000000000004, -0.19000000000000003, -0.09000000000000002, 0.010000000000000009, 0.10999999999999999, 0.20999999999999996, 0.31000000000000005, 0.41000000000000003, 0.51, 0.7100000000000001, 0.9100000000000001, 1.1100000000000003], "layer_stack": {"clad": {"layer": [999, 0], "zmin": 0.0, "thickness": 1.1100000000000003, "material": "sio2", "mesh_order": 10, "origin": [0.0, 0.0]}, "box": {"layer": [999, 0], "zmin": -0.8900000000000001, "thickness": 2.0000000000000004, "material": "sio2", "mesh_order": 9, "origin": [0.0, 0.0]}, "core": {"layer": [1, 0], "zmin": 0.0, "thickness": 0.22, "material": "si", "mesh_order": 2, "origin": [0.0, 1.0]}}, "materials": {"si": {"epsilon": 12.080490489999999}, "sio2": {"epsilon": 2.085136}, "sin": {"epsilon": 4.0}, "ge": {"epsilon": 17.64}, "Si": {"epsilon": 12.080490489999999}, "SiO2": {"epsilon": 2.085136}, "SiN": {"epsilon": 4.0}, "Ge": {"epsilon": 17.64}}, "study": "sparams", "N": 3, "hmode": 0.8, "wmode": 1.6, "zmode": -0.29000000000000004, "source_margin": 0.2, "mode_solutions": [], "runs": [{"sources": {"o1": {"center": [-3.0, 0.0], "width": 0.5, "normal": [-1.0, 1.2246467991473532e-16], "wavelength_mode_numbers": {"1.55": [0]}, "port": "o1", "mode_width": 1.6}}, "monitors": {"o1": {"port": "o1", "normal": [-1.0, 1.2246467991473532e-16], "center": [0.0, 0.0], "width": 0.5, "wavelength_mode_numbers": {"1.55": [0]}, "mode_width": 1.6}, "o2": {"port": "o2", "normal": [1.0, 0.0], "center": [0.5, 0.0], "width": 0.5, "wavelength_mode_numbers": {"1.55": [0, 1]}, "mode_width": 1.6}}}], "components": {"device": {"bbox": [[-3.0, -1.25], [1.4000000000000001, 1.1500000000000001]]}}, "Courant": null, "wavelengths": [1.55]}