{"S":{"1.55":{"o1@0,o1@0":{"re":-0.00902298,"im":-0.10241694},"o2@0,o1@0":{"re":-0.1810284,"im":0.980321}}},"T":{"1.55":{"o1@0,o1@0":0.010570644,"o2@0,o1@0":0.9938005}},"phasors":{"1.55":{"o1@0,o1@0":{"mag":0.10281364,"phase":-95.034775},"o2@0,o1@0":{"mag":0.99689543,"phase":100.46251}}},"dB":{"1.55":{"o1@0,o1@0":-19.758986,"o2@0,o1@0":-0.0270078}},"path":"build\\precompile_execution\\tiny","study":"sparams"}