{"S":{"1.5":{"o1@0,o1@0":{"re":0.0073487996,"im":-0.060056437},"o2@0,o1@0":{"re":0.17867352,"im":-1.0014291}}},"T":{"1.5":{"o1@0,o1@0":0.0036607804,"o2@0,o1@0":1.0347844}},"phasors":{"1.5":{"o1@0,o1@0":{"mag":0.060504384,"phase":-83.02368},"o2@0,o1@0":{"mag":1.0172435,"phase":-79.88381}}},"dB":{"1.5":{"o1@0,o1@0":-24.364264,"o2@0,o1@0":0.14849888}},"path":"build\\precompile_execution\\tiny_2_float32_CUDA","study":"sparams"}