{"S":{"1.5":{"o1@0,o1@0":{"re":0.04099882,"im":-0.057781935},"o2@0,o1@0":{"re":0.109171525,"im":-1.0033702}}},"T":{"1.5":{"o1@0,o1@0":0.0050196555,"o2@0,o1@0":1.0186701}},"phasors":{"1.5":{"o1@0,o1@0":{"mag":0.07084952,"phase":-54.64262},"o2@0,o1@0":{"mag":1.0092919,"phase":-83.79037}}},"dB":{"1.5":{"o1@0,o1@0":-22.993261,"o2@0,o1@0":0.08033551}},"path":"build\\precompile_execution\\tiny_2_float32_CUDA","study":"sparams"}