{"S":{"1.5":{"o1@0,o1@0":{"re":0.025858223,"im":-0.08176936},"o2@0,o1@0":{"re":0.18296841,"im":-1.0055146}}},"T":{"1.5":{"o1@0,o1@0":0.0073548765,"o2@0,o1@0":1.0445371}},"phasors":{"1.5":{"o1@0,o1@0":{"mag":0.08576058,"phase":-72.45129},"o2@0,o1@0":{"mag":1.022026,"phase":-79.687004}}},"dB":{"1.5":{"o1@0,o1@0":-21.334246,"o2@0,o1@0":0.18923856}},"path":"build\\precompile_execution\\tiny_2_float32_CUDA","study":"sparams"}