{"S":{"1.5":{"o1@0,o1@0":{"re":0.007348681,"im":-0.060056467},"o2@0,o1@0":{"re":0.17867322,"im":-1.0014291}}},"T":{"1.5":{"o1@0,o1@0":0.0036607825,"o2@0,o1@0":1.0347843}},"phasors":{"1.5":{"o1@0,o1@0":{"mag":0.0605044,"phase":-83.023796},"o2@0,o1@0":{"mag":1.0172435,"phase":-79.883835}}},"dB":{"1.5":{"o1@0,o1@0":-24.364262,"o2@0,o1@0":0.14849839}},"path":"build\\precompile_execution\\tiny_2_float32_CUDA","study":"sparams"}