{"S":{"1.5":{"o1@0,o1@0":{"re":0.040998716,"im":-0.05778196},"o2@0,o1@0":{"re":0.10917154,"im":-1.0033703}}},"T":{"1.5":{"o1@0,o1@0":0.00501965,"o2@0,o1@0":1.0186703}},"phasors":{"1.5":{"o1@0,o1@0":{"mag":0.070849486,"phase":-54.642704},"o2@0,o1@0":{"mag":1.009292,"phase":-83.79037}}},"dB":{"1.5":{"o1@0,o1@0":-22.993267,"o2@0,o1@0":0.080336526}},"path":"build\\precompile_execution\\tiny_2_float32_CUDA","study":"sparams"}