{"sparams":{"1.3":{"o1@0,o1@0":{"re":0.032272942,"im":-0.019324558},"o2@0,o1@0":{"re":0.008097781,"im":0.009004151},"o4@0,o1@0":{"re":-0.9228914,"im":0.12952885},"o3@0,o1@0":{"re":-0.05922227,"im":0.17462689}},"1.55":{"o1@0,o1@0":{"re":0.11858011,"im":0.10014712},"o2@0,o1@0":{"re":-0.012457925,"im":-9.748864e-5},"o4@0,o1@0":{"re":-0.772723,"im":-0.40759018},"o3@0,o1@0":{"re":-0.2732388,"im":0.21989988}}},"tparams":{"1.3":{"o1@0,o1@0":0.0014149814,"o2@0,o1@0":0.00014664879,"o4@0,o1@0":0.8685062,"o3@0,o1@0":0.034001827},"1.55":{"o1@0,o1@0":0.024090689,"o2@0,o1@0":0.00015520939,"o4@0,o1@0":0.7632306,"o3@0,o1@0":0.123015404}},"sparam_phasors":{"1.3":{"o1@0,o1@0":[0.037616238,-0.5395257],"o2@0,o1@0":[0.012109864,0.8383467],"o4@0,o1@0":[0.9319368,3.0021524],"o3@0,o1@0":[0.18439585,1.8977602]},"1.55":{"o1@0,o1@0":[0.15521175,0.701323],"o2@0,o1@0":[0.012458307,-3.1337674],"o4@0,o1@0":[0.8736307,-2.6562092],"o3@0,o1@0":[0.35073552,2.4639378]}}}