{"S":{"1.5":{"o1@0,o1@0":{"re":0.03197899,"im":-0.041845385},"o2@0,o1@0":{"re":0.49595127,"im":-0.8681668}}},"T":{"1.5":{"o1@0,o1@0":0.0027736921,"o2@0,o1@0":0.99968123}},"phasors":{"1.5":{"o1@0,o1@0":{"mag":0.052665852,"phase":-52.61229},"o2@0,o1@0":{"mag":0.9998406,"phase":-60.262283}}},"dB":{"1.5":{"o1@0,o1@0":-25.569418,"o2@0,o1@0":-0.0013846022}},"path":"build/precompile_execution\\tiny_3_float32_None","study":"sparams"}