{"S":{"1.5":{"o1@0,o1@0":{"re":0.074951224,"im":-0.04792505},"o2@0,o1@0":{"re":0.43479046,"im":-0.8960517}}},"T":{"1.5":{"o1@0,o1@0":0.007914497,"o2@0,o1@0":0.9919514}},"phasors":{"1.5":{"o1@0,o1@0":{"mag":0.08896346,"phase":-32.59552},"o2@0,o1@0":{"mag":0.99596757,"phase":-64.11598}}},"dB":{"1.5":{"o1@0,o1@0":-21.015768,"o2@0,o1@0":-0.035096027}},"path":"build\\precompile_execution\\tiny_3_float32_None","study":"sparams"}