{"S":{"1.5":{"o1@0,o1@0":{"re":0.07321293,"im":-0.04789542},"o2@0,o1@0":{"re":0.4271616,"im":-0.8985694}}},"T":{"1.5":{"o1@0,o1@0":0.0076541044,"o2@0,o1@0":0.98989403}},"phasors":{"1.5":{"o1@0,o1@0":{"mag":0.087487735,"phase":-33.192448},"o2@0,o1@0":{"mag":0.9949342,"phase":-64.57453}}},"dB":{"1.5":{"o1@0,o1@0":-21.161057,"o2@0,o1@0":-0.044112936}},"path":"build/precompile_execution\\tiny_3_float32_None","study":"sparams"}