{"S":{"1.5":{"o1@0,o1@0":{"re":0.070862114,"im":-0.010989316},"o2@0,o1@0":{"re":0.43093172,"im":-0.89065206}}},"T":{"1.5":{"o1@0,o1@0":0.0051422045,"o2@0,o1@0":0.97896326}},"phasors":{"1.5":{"o1@0,o1@0":{"mag":0.07170916,"phase":-8.815224},"o2@0,o1@0":{"mag":0.9894257,"phase":-64.18052}}},"dB":{"1.5":{"o1@0,o1@0":-22.888506,"o2@0,o1@0":-0.09233609}},"path":"build/precompile_execution\\tiny_3_float32_None","study":"sparams"}