{"approx_2D_mode": "TE", "Ttrans": null, "path": "build\\precompile_execution\\back_float32", "name": null, "center_wavelength": 1.5, "dx": 0.1, "dy": 0.1, "dz": 0.1, "dl": 0.025, "dtype": "float32", "timestamp": "2025-01-23T11-37-18", "magic": "", "framerate": 0, "gpu_backend": null, "ports": {"o1": {"center": [-2000, 250], "normal": [-1.0, 1.2246467991473532e-16]}, "o2": {"center": [2500, 250], "normal": [1.0, 0.0]}}, "hcore": 0.22, "zcenter": 0.11, "zmin": -1.09, "zcore": 0.0, "xmargin": 1.0, "ymargin": 1.0, "zmargin2": 0.4, "L": [5.4, 2.4000000000000004, 2.4000000000000004], "xs": [-2.7, -2.6, -2.5, -2.4000000000000004, -2.3000000000000003, -2.2, -2.1, -2.0, -1.9000000000000001, -1.8000000000000003, -1.7000000000000002, -1.6, -1.5, -1.4000000000000001, -1.3, -1.2000000000000002, -1.1, -1.0, -0.9000000000000001, -0.8, -0.7000000000000002, -0.6000000000000001, -0.5, -0.3999999999999999, -0.2999999999999998, -0.20000000000000018, -0.10000000000000009, 0.0, 0.10000000000000009, 0.20000000000000018, 0.2999999999999998, 0.3999999999999999, 0.5, 0.6000000000000001, 0.7000000000000002, 0.7999999999999998, 0.8999999999999999, 1.0, 1.1, 1.2000000000000002, 1.2999999999999998, 1.4000000000000004, 1.5, 1.5999999999999996, 1.7000000000000002, 1.7999999999999998, 1.9000000000000004, 2.0, 2.1000000000000005, 2.2, 2.3, 2.4000000000000004, 2.5, 2.6000000000000005, 2.7], "ys": [-1.0, -0.9, -0.7999999999999999, -0.7, -0.5999999999999999, -0.4999999999999999, -0.3999999999999999, -0.2999999999999998, -0.19999999999999984, -0.09999999999999987, 2.220446049250313e-16, 0.10000000000000031, 0.20000000000000018, 0.30000000000000027, 0.40000000000000036, 0.5000000000000002, 0.6000000000000003, 0.7000000000000004, 0.8000000000000003, 0.9000000000000004, 1.0000000000000004, 1.1000000000000005, 1.2000000000000006, 1.3000000000000003, 1.4000000000000004], "zs": [-1.09, -0.8900000000000001, -0.6900000000000001, -0.5900000000000001, -0.49000000000000005, -0.39, -0.29000000000000004, -0.19000000000000006, -0.08999999999999997, 0.010000000000000009, 0.10999999999999999, 0.20999999999999996, 0.30999999999999994, 0.41000000000000003, 0.5100000000000001, 0.61, 0.7100000000000001, 0.8099999999999999, 0.91, 1.11, 1.3100000000000003], "layer_stack": {"clad": {"layer": [999, 0], "zmin": 0.0, "thickness": 1.3100000000000003, "material": "SiO2", "mesh_order": 10}, "box": {"layer": [999, 0], "zmin": -1.09, "thickness": 2.4000000000000004, "material": "SiO2", "mesh_order": 9}, "core": {"layer": [1, 0], "zmin": 0.0, "thickness": 0.22, "material": "cSi", "mesh_order": 2}}, "study": "inverse_design", "materials": {"cSi": {"epsilon": 12.1104}, "SiO2": {"epsilon": 2.0736}, "SiN": {"epsilon": 4.0}, "Ge": {"epsilon": 16.0}, "Si": {"epsilon": 12.1104}, "PEC": {"epsilon": 10000}}, "N": 2, "hmode": 1.6, "wmode": 1.6, "zmode": -0.6900000000000001, "mode_solutions": [], "runs": [{"sources": {"o1": {"center": [-2.5, 0.24999999999999997], "width": 0.5, "normal": [-1.0, 1.2246467991473532e-16], "wavelength_mode_numbers": {"1.5": [0]}, "port": "o1", "mode_width": 1.6}}, "monitors": {"o1": {"port": "o1", "normal": [-1.0, 1.2246467991473532e-16], "center": [-2.0, 0.25], "width": 0.5, "wavelength_mode_numbers": {"1.5": [0]}, "mode_width": 1.6}, "o2": {"port": "o2", "normal": [1.0, 0.0], "center": [2.5, 0.25], "width": 0.5, "wavelength_mode_numbers": {"1.5": [0]}, "mode_width": 1.6}}}], "components": {"device": {"bbox": [[-2.7, -1.0], [2.7, 1.4000000000000001]]}}, "Courant": null, "wavelengths": [1.5], "Tss": null, "restart": true, "weights": {"tparams": 1, "sparams": 1, "phasediff": 1}, "save_memory": false, "targets": {"tparams": {"1.5": {"o2@0,o1@0": 1.0}}}, "eta": 0.4, "designs": [{"layer": [1000, 1], "bbox": [[0.0, 0.0], [0.5, 0.5]], "symmetries": [], "init": 1}], "lvoid": 0.2, "lsolid": 0, "stoploss": null, "design_config": {"fill": {"thickness": 0.22, "material": "cSi", "zmin": 0.0, "layer": 1}, "design_region_layer": [1000, 1]}, "iters": 2}