{"sparams":{"1.55":{"o1@0,o1@0":{"re":0.1054396,"im":-0.2060955},"o2@0,o1@0":{"re":-0.82841265,"im":0.6361221}}},"tparams":{"1.55":{"o1@0,o1@0":0.05359287,"o2@0,o1@0":1.0909188}},"path":"build/precompile_execution\\2024-09-14T12-18-34#sparams","dx":0.1,"study":"sparams"}