{"sparams":{"1.55":{"o1@0,o1@0":{"re":0.16672096,"im":-0.24784467},"o2@0,o1@0":{"re":-0.29261488,"im":-0.903715}}},"tparams":{"1.55":{"o1@0,o1@0":0.089222856,"o2@0,o1@0":0.90232426}},"path":"build/precompile_execution\\2024-09-14T12-18-36#sparams","dx":0.1,"study":"sparams"}