{"path": "build\\precompile_execution\\invtest", "name": "invtest", "dx": 0.1, "dy": 0.1, "dz": 0.1, "dl": 0.016666666666666666, "dx0": 0.1, "ratio": 6, "dtype": "f32", "timestamp": "2024-11-26T16-56-57", "magic": "", "framerate": 0, "gpu_backend": "", "ports": {"o1": {"center": [-1600, 500], "normal": [-1.0, 1.2246467991473532e-16]}, "o2": {"center": [2600, 500], "normal": [1.0, 0.0]}}, "hcore": 0.22, "zcenter": 0.11, "zmin": -0.8900000000000001, "zcore": 0.0, "xmargin": 0.8, "ymargin": 0.8, "zmargin2": 0.6000000000000001, "L": [7.4, 2.6, 2.0000000000000004], "xs": [-4.0, -3.9, -3.8, -3.7, -3.6, -3.5, -3.4, -3.3, -3.2, -3.1, -3.0, -2.9, -2.8, -2.7, -2.5999999999999996, -2.5, -2.4, -2.3, -2.2, -2.0999999999999996, -2.0, -1.9, -1.7999999999999998, -1.6999999999999997, -1.5999999999999996, -1.5, -1.4, -1.2999999999999998, -1.1999999999999997, -1.0999999999999996, -1.0, -0.8999999999999999, -0.7999999999999998, -0.6999999999999997, -0.5999999999999996, -0.5, -0.3999999999999999, -0.2999999999999998, -0.19999999999999973, -0.09999999999999964, 0.0, 0.10000000000000053, 0.20000000000000018, 0.2999999999999998, 0.40000000000000036, 0.5, 0.6000000000000005, 0.7000000000000002, 0.8000000000000007, 0.9000000000000004, 1.0, 1.1000000000000005, 1.2000000000000002, 1.3000000000000007, 1.4000000000000004, 1.5, 1.6000000000000005, 1.7000000000000002, 1.8000000000000007, 1.9000000000000004, 2.0, 2.1000000000000005, 2.2, 2.3000000000000007, 2.4000000000000004, 2.5, 2.6000000000000005, 2.7, 2.8000000000000007, 2.9000000000000004, 3.0, 3.1000000000000005, 3.2, 3.3000000000000007, 3.4000000000000004], "ys": [-0.8, -0.7000000000000001, -0.6000000000000001, -0.5, -0.4, -0.30000000000000004, -0.19999999999999996, -0.09999999999999998, 0.0, 0.09999999999999998, 0.19999999999999996, 0.30000000000000004, 0.40000000000000013, 0.5, 0.6000000000000001, 0.7, 0.8, 0.9000000000000001, 1.0, 1.1, 1.2, 1.3, 1.4000000000000001, 1.5000000000000002, 1.6000000000000003, 1.7, 1.8], "zs": [-0.8900000000000001, -0.6900000000000001, -0.49000000000000005, -0.29000000000000004, -0.19000000000000003, -0.09000000000000002, 0.010000000000000009, 0.10999999999999999, 0.20999999999999996, 0.31000000000000005, 0.41000000000000003, 0.51, 0.7100000000000001, 0.9100000000000001, 1.1100000000000003], "layer_stack": {"clad": {"layer": [999, 0], "zmin": 0.0, "thickness": 1.1100000000000003, "material": "sio2", "mesh_order": 10, "origin": [0.0, 0.0]}, "box": {"layer": [999, 0], "zmin": -0.8900000000000001, "thickness": 2.0000000000000004, "material": "sio2", "mesh_order": 9, "origin": [0.0, 0.0]}, "core": {"layer": [1, 0], "zmin": 0.0, "thickness": 0.22, "material": "si", "mesh_order": 2, "origin": [0.0, 0.8]}}, "materials": {"si": {"epsilon": 12.080490489999999}, "sio2": {"epsilon": 2.085136}, "sin": {"epsilon": 4.0}, "ge": {"epsilon": 17.64}, "Si": {"epsilon": 12.080490489999999}, "SiO2": {"epsilon": 2.085136}, "SiN": {"epsilon": 4.0}, "Ge": {"epsilon": 17.64}}, "study": "inverse_design", "N": 2, "hmode": 0.8, "wmode": 1.2000000000000002, "zmode": -0.29000000000000004, "source_margin": 0.2, "mode_solutions": [], "runs": [{"sources": {"o1": {"center": [-4.0, 0.5], "width": 0.4, "normal": [-1.0, 1.2246467991473532e-16], "wavelength_mode_numbers": {"1.55": [0]}, "port": "o1", "mode_width": 1.2000000000000002}}, "monitors": {"o1": {"port": "o1", "normal": [-1.0, 1.2246467991473532e-16], "center": [-1.6, 0.5], "width": 0.4, "wavelength_mode_numbers": {"1.55": [0]}, "mode_width": 1.2000000000000002}, "o2": {"port": "o2", "normal": [1.0, 0.0], "center": [2.6, 0.5], "width": 0.4, "wavelength_mode_numbers": {"1.55": [0, 1]}, "mode_width": 1.2000000000000002}}}], "components": {"device": {"bbox": [[-4.0, -0.8], [3.4, 1.8]]}}, "Courant": null, "wavelengths": [1.55], "restart": true, "weights": {"tparams": 1, "sparams": 1, "phasediff": 1}, "save_memory": false, "targets": {"tparams": {"1.55": {"o2@0,o1@0": 1.0, "o2@1,o1@0": 0}}}, "eta": 0.4, "designs": [{"layer": [1000, 1], "bbox": [[0.0, 0.0], [1.0, 1.0]], "symmetries": [], "init": 1, "lvoid": 0.2, "lsolid": 0.2}], "stoploss": null, "design_config": {"fill": {"thickness": 0.22, "material": "si", "zmin": 0.0, "epsilon": 12.080490489999999, "layer": 1}, "design_region_layer": [1000, 1]}, "iters": 2}