{"approx_2D_mode": "TE", "Ttrans": null, "path": "build\\precompile_execution\\tiny_2_float32_None", "name": null, "center_wavelength": 1.5, "dx": 0.1, "dy": 0.1, "dz": 0.1, "dl": 0.025, "dtype": "float32", "timestamp": "2025-01-23T11-36-43", "magic": "", "framerate": 0, "gpu_backend": null, "ports": {"o1": {"center": [0, 0], "normal": [-1.0, 1.2246467991473532e-16]}, "o2": {"center": [100, 0], "normal": [1.0, 0.0]}}, "hcore": 0.22, "zcenter": 0.11, "zmin": -1.09, "zcore": 0.0, "xmargin": 1.0, "ymargin": 1.0, "zmargin2": 0.4, "L": [1.0, 2.4000000000000004, 2.4000000000000004], "xs": [-0.7000000000000001, -0.6000000000000001, -0.5, -0.4, -0.30000000000000004, -0.20000000000000007, -0.09999999999999998, 0.0, 0.09999999999999998, 0.19999999999999996, 0.29999999999999993], "ys": [-1.25, -1.15, -1.05, -0.95, -0.8499999999999999, -0.7499999999999999, -0.6499999999999999, -0.5499999999999998, -0.44999999999999984, -0.34999999999999987, -0.24999999999999978, -0.1499999999999997, -0.04999999999999982, 0.050000000000000266, 0.15000000000000036, 0.2500000000000002, 0.3500000000000003, 0.4500000000000004, 0.5500000000000003, 0.6500000000000004, 0.7500000000000004, 0.8500000000000005, 0.9500000000000006, 1.0500000000000003, 1.1500000000000004], "zs": [-1.09, -0.8900000000000001, -0.6900000000000001, -0.5900000000000001, -0.49000000000000005, -0.39, -0.29000000000000004, -0.19000000000000006, -0.08999999999999997, 0.010000000000000009, 0.10999999999999999, 0.20999999999999996, 0.30999999999999994, 0.41000000000000003, 0.5100000000000001, 0.61, 0.7100000000000001, 0.8099999999999999, 0.91, 1.11, 1.3100000000000003], "layer_stack": {"clad": {"layer": [999, 0], "zmin": 0.0, "thickness": 1.3100000000000003, "material": "SiO2", "mesh_order": 10}, "box": {"layer": [999, 0], "zmin": -1.09, "thickness": 2.4000000000000004, "material": "SiO2", "mesh_order": 9}, "core": {"layer": [1, 0], "zmin": 0.0, "thickness": 0.22, "material": "cSi", "mesh_order": 2}}, "study": "sparams", "materials": {"cSi": {"epsilon": 12.1104}, "SiO2": {"epsilon": 2.0736}, "SiN": {"epsilon": 4.0}, "Ge": {"epsilon": 16.0}, "Si": {"epsilon": 12.1104}, "PEC": {"epsilon": 10000}}, "N": 2, "hmode": 1.6, "wmode": 1.6, "zmode": -0.6900000000000001, "mode_solutions": [], "runs": [{"sources": {"o1": {"center": [-0.49999999999999994, -2.4492935982947065e-17], "width": 0.5, "normal": [-1.0, 1.2246467991473532e-16], "wavelength_mode_numbers": {"1.5": [0]}, "port": "o1", "mode_width": 1.6}}, "monitors": {"o1": {"port": "o1", "normal": [-1.0, 1.2246467991473532e-16], "center": [0.0, 0.0], "width": 0.5, "wavelength_mode_numbers": {"1.5": [0]}, "mode_width": 1.6}, "o2": {"port": "o2", "normal": [1.0, 0.0], "center": [0.1, 0.0], "width": 0.5, "wavelength_mode_numbers": {"1.5": [0]}, "mode_width": 1.6}}}], "components": {"device": {"bbox": [[-0.7000000000000001, -1.25], [0.3, 1.1500000000000001]]}}, "Courant": null, "wavelengths": [1.5], "Tss": null}