{"S":{"1.5":{"o1@0,o1@0":{"re":-0.013761778,"im":-0.019062331},"o2@0,o1@0":{"re":0.15504432,"im":-1.0816522}}},"T":{"1.5":{"o1@0,o1@0":0.00055275904,"o2@0,o1@0":1.1940101}},"phasors":{"1.5":{"o1@0,o1@0":{"mag":0.023510827,"phase":-125.82686},"o2@0,o1@0":{"mag":1.0927078,"phase":-81.842766}}},"dB":{"1.5":{"o1@0,o1@0":-32.574642,"o2@0,o1@0":0.77008015}},"path":"build/precompile_execution\\tiny_2_float32_None","study":"sparams"}