{"S":{"1.5":{"o1@0,o1@0":{"re":0.014174266,"im":-0.06806575},"o2@0,o1@0":{"re":0.18001966,"im":-1.0030236}}},"T":{"1.5":{"o1@0,o1@0":0.004833856,"o2@0,o1@0":1.0384635}},"phasors":{"1.5":{"o1@0,o1@0":{"mag":0.069525935,"phase":-78.23663},"o2@0,o1@0":{"mag":1.0190502,"phase":-79.82505}}},"dB":{"1.5":{"o1@0,o1@0":-23.157063,"o2@0,o1@0":0.16391225}},"path":"build/precompile_execution\\tiny_2_float32_None","study":"sparams"}