{"S":{"1.5":{"o1@0,o1@0":{"re":0.026804337,"im":-0.015091552},"o2@0,o1@0":{"re":0.103852935,"im":-0.9995943}}},"T":{"1.5":{"o1@0,o1@0":0.00094622746,"o2@0,o1@0":1.0099741}},"phasors":{"1.5":{"o1@0,o1@0":{"mag":0.03076081,"phase":-29.380661},"o2@0,o1@0":{"mag":1.0049747,"phase":-84.06853}}},"dB":{"1.5":{"o1@0,o1@0":-30.240044,"o2@0,o1@0":0.04310246}},"path":"build/precompile_execution\\tiny_2_float32_None","study":"sparams"}